No;Top 10 IPs
1;146.112.61.108
2;31.170.160.61
3;67.199.248.11
4;67.199.248.10
5;69.50.209.78
6;192.254.172.78
7;216.58.193.65
8;23.234.229.68
9;173.212.223.160
10;60.249.179.122
11;216.218.185.162
12;211.231.99.250
13;209.99.40.223
14;209.99.40.222
15;209.202.252.66
16;209.126.123.13
17;208.91.197.46
18;204.11.56.48
19;199.59.242.152
20;198.11.172.242
21;193.109.247.10
22;193.109.247.160
23;193.109.247.224
24;193.109.247.223
25;192.64.147.171
26;192.169.81.126
27;185.164.136.124
28;184.168.131.241
29;175.126.123.219
30;173.230.141.80
31;172.247.235.12
32;172.217.2.225
33;162.222.213.197
34;153.92.0.100
35;141.8.224.221
36;138.201.122.249
37;108.61.203.22
38;104.239.157.210
39;103.44.28.181
40;103.44.28.169
41;103.224.212.222
42;94.199.53.203
43;91.227.52.108
44;91.195.240.126
45;69.172.201.153
46;67.227.226.240
47;64.70.19.203
48;54.83.43.69
49;52.80.8.80
50;50.117.113.222
51;47.91.170.222
52;47.91.202.66
53;45.33.250.154
54;37.157.192.102
55;35.186.238.101
56;31.170.160.57
57;23.253.126.58
58;23.236.62.147
59;23.20.239.12
60;18.211.9.206
